,ID Place,Place,Population,Median Age,Property Value,Household Income,Average Commute Time,Household Ownership,Health Insurance Policies,Percent Business & Tech Jobs
0,16000US0644000,"Los Angeles, CA",3979537,35.9,697200,1398900,30.845503920960326,0.3515233053493409,0.992375997509258,0.3763585355335526
1,16000US0666000,"San Diego, CA",1423852,35.4,658400,512530,23.401973293412855,0.3599601643991089,0.9721705626708393,0.46964783656650166
2,16000US0667000,"San Francisco, CA",881549,38.2,1217500,365851,32.121688826703064,0.4150092621056799,0.9956678528363143,0.5631367011499298
3,16000US1714000,"Chicago, IL",2693959,35.2,275200,1080345,33.089958528841976,0.40102503415976265,0.9903639958885788,0.4092160242157601
4,16000US2507000,"Boston, MA",694295,32.6,627000,271553,29.964306203387295,0.3911204891292606,0.9922108037649702,0.49397146875998843
5,16000US3651000,"New York, NY",8336817,37.2,680800,3211033,39.784857339040386,0.38516294648185273,0.9918886308767483,0.410750499272271
6,16000US4260000,"Philadelphia, PA",1584064,34.7,183200,619505,32.52477279884825,0.391085839966062,0.9913671417316472,0.3816729892328008
7,16000US4835000,"Houston, TX",2316797,33.4,195800,876504,27.220984311411616,0.3783257661331571,0.9928500425371752,0.35123142011864555
8,16000US0103076,"Auburn, AL",66254,25.2,304000,26156,,0.39478371117215566,,0.5338738235020035
9,16000US0107000,"Birmingham, AL",210080,36.7,98800,93300,22.34237320799563,0.44411652703731913,0.9858387281035796,0.338560983363357
10,16000US0121184,"Dothan, AL",68522,41.0,162200,27103,,0.3955371997314731,0.9823414377864044,0.34178477742646546
11,16000US0135896,"Hoover, AL",85772,36.9,322000,32461,,0.37845683906169847,,0.5241877303671446
12,16000US0137000,"Huntsville, AL",201594,35.8,185200,88930,,0.4411341607389109,0.9764129884818,0.45279510856002
13,16000US0150000,"Mobile, AL",188710,37.5,129700,77628,20.35797702464369,0.41136134810025965,0.9832494303428542,0.360354216322483
14,16000US0151000,"Montgomery, AL",198525,35.6,125000,78225,18.922927196115946,0.3940309784661881,0.9733131847374387,0.35699294678739324
15,16000US0177256,"Tuscaloosa, AL",101133,31.0,200200,36779,,0.3636696231694897,,0.3629601442681535
16,16000US0203000,"Anchorage, AK",288000,34.2,314600,105198,18.208918643066262,0.3652708333333333,0.9616666666666667,0.4028703703703704
17,16000US0404720,"Avondale, AZ",87917,29.5,244200,25339,,0.2882150209857024,,0.2807397479393623
18,16000US0407940,"Buckeye, AZ",79624,34.8,248700,21691,,0.2724178639606149,,0.3103060159206577
19,16000US0410670,"Casas Adobes, AZ",70840,40.8,239700,29337,,0.4141304347826087,0.9873376623376623,0.40938778380301205
20,16000US0412000,"Chandler, AZ",261149,37.8,342200,94035,24.28345561261922,0.3600817923867218,0.9990235459450352,0.47483467450242306
21,16000US0423620,"Flagstaff, AZ",75044,25.8,395300,25609,13.496351701231792,0.3412531314961889,,0.39738126449916494
22,16000US0427400,"Gilbert, AZ",254115,34.8,372500,81235,26.07564460398662,0.3196780984987112,0.999622218286996,0.47899481766293317
23,16000US0427820,"Glendale, AZ",252384,35.7,241100,81065,29.86977874364722,0.321197064790161,0.9920517940915431,0.30821846594527436
24,16000US0428380,"Goodyear, AZ",86843,37.8,330500,26158,,0.3012102299552065,,0.3910062462387682
25,16000US0446000,"Mesa, AZ",517981,35.9,259300,187111,24.853123011728552,0.36123139651840513,0.9959554501033822,0.3423091873456132
26,16000US0454050,"Peoria, AZ",175960,42.5,307800,66318,27.539088560303732,0.3768924755626279,0.9941634462377813,0.3994811580349901
27,16000US0455000,"Phoenix, AZ",1680988,34.4,266600,586878,25.37731110469096,0.3491268230350246,0.9935734222968873,0.338927281539298
28,16000US0464210,"San Tan Valley, AZ",100732,34.0,237900,30387,,0.30166183536512725,,0.31934174518338937
29,16000US0465000,"Scottsdale, AZ",258064,50.1,534300,123791,18.09809672986272,0.4796910843821688,0.996489242978486,0.5326345367828178
30,16000US0471510,"Surprise, AZ",141674,39.8,269900,49127,,0.3467608735547807,0.9915580840521196,0.3540854360490859
31,16000US0473000,"Tempe, AZ",195816,30.0,323600,76669,21.010841295235373,0.3915359316909752,0.997844915635086,0.43789307850168946
32,16000US0477000,"Tucson, AZ",548082,34.5,172700,217993,21.294519693875962,0.39773792972584393,0.9644797676260122,0.32947556402166794
33,16000US0485540,"Yuma, AZ",98296,30.6,163900,34971,,0.355772361031985,0.9480650280784569,0.2997857599741062
34,16000US0515190,"Conway, AR",67640,28.7,202500,26319,,0.38910408042578354,,0.42353004054270726
35,16000US0523290,"Fayetteville, AR",87585,27.9,216000,36705,,0.41907860935091623,,0.4653525574210834
36,16000US0524550,"Fort Smith, AR",87895,37.3,138000,36210,,0.4119688264406394,,0.28440988982644905
37,16000US0535710,"Jonesboro, AR",78380,34.6,166000,29688,,0.37877009441183973,,0.3522773058630501
38,16000US0541000,"Little Rock, AR",197318,37.4,171700,80063,16.61932948920753,0.4057561905148035,0.9888302131584549,0.4405587509787414
39,16000US0550450,"North Little Rock, AR",65899,35.2,138800,27903,,0.42342068923655896,,0.3630535957051988
40,16000US0560410,"Rogers, AR",68674,32.2,214100,24297,,0.35380202114337306,,0.3336789367980685
41,16000US0566080,"Springdale, AR",80454,31.1,163100,26443,,0.32867228478385163,,0.2767812617478499
42,16000US0600562,"Alameda, CA",77630,39.8,971200,30788,32.589111959600935,0.39659925286616,,0.5183071179603319
43,16000US0600884,"Alhambra, CA",83732,41.8,667000,28777,,0.34367983566617305,,0.39345904060533715
44,16000US0602000,"Anaheim, CA",350351,35.2,630500,105301,29.072867718406908,0.3005585826785138,0.9933695065805435,0.3055861696557409
45,16000US0602252,"Antioch, CA",111506,38.8,468800,36138,44.576053042121686,0.32409018348788404,,0.2914912738447266
46,16000US0602364,"Apple Valley, CA",73464,36.3,280200,23774,,0.32361428726995534,,0.3079291584674152
47,16000US0602553,"Arden-Arcade, CA",108227,36.6,411600,42309,,0.3909283265728515,,0.4081471873949176
48,16000US0603526,"Bakersfield, CA",384159,31.4,264500,116558,23.429378388760494,0.30341082728765956,0.9939191845043328,0.3191166678332912
49,16000US0603666,"Baldwin Park, CA",75240,37.0,462900,19350,,0.25717703349282295,,0.18846000699832283
50,16000US0604982,"Bellflower, CA",76445,37.1,522800,23369,,0.30569690627248347,,0.26019980891945127
51,16000US0606000,"Berkeley, CA",121353,31.5,1168300,44551,29.99886852229011,0.3671190658656976,,0.6713731464507529
52,16000US0608786,"Buena Park, CA",81783,41.1,616400,25362,,0.31011334873995816,,0.34564924155394333
53,16000US0608954,"Burbank, CA",102508,40.6,826100,43167,25.914814326852497,0.421108596402232,,0.5199791665005833
54,16000US0610046,"Camarillo, CA",69887,43.7,621300,27274,,0.3902585602472563,,0.463781115861049
55,16000US0611194,"Carlsbad, CA",115386,44.6,886500,44966,,0.38970065692545025,,0.5463652762873811
56,16000US0611390,"Carmichael, CA",66800,39.2,407600,26577,,0.39785928143712573,,0.41510070185410874
57,16000US0611530,"Carson, CA",91407,43.8,550300,25573,,0.27977069589856357,,0.3256493705073604
58,16000US0613014,"Chico, CA",103315,30.2,378100,37040,15.036534967757392,0.3585152204423365,,0.38081334011840784
59,16000US0613210,"Chino, CA",94352,38.6,490900,26079,,0.27640113617093437,,0.3347295063163973
60,16000US0613214,"Chino Hills, CA",83843,40.9,690300,26856,,0.32031296590055225,,0.47332143229157314
61,16000US0613392,"Chula Vista, CA",274485,37.4,546400,82916,27.519387621244974,0.30207843780170135,0.9758711769313442,0.3579107030519834
62,16000US0613588,"Citrus Heights, CA",87792,39.5,337900,36460,,0.4152997995261527,,0.30791513295544043
63,16000US0614218,"Clovis, CA",114582,35.6,360400,39269,,0.3427152606866698,,0.4147130821996687
64,16000US0615044,"Compton, CA",95601,33.5,432500,21757,,0.22758130145082164,,0.1541889907383332
65,16000US0616000,"Concord, CA",129320,37.3,604300,45071,32.9458736703717,0.34852304361274355,,0.3831538811028432
66,16000US0616350,"Corona, CA",169854,35.3,519800,47793,37.03112366194804,0.2813769472605885,,0.35749904653790304
67,16000US0616532,"Costa Mesa, CA",113011,34.9,826000,38762,,0.3429931599578802,,0.405997320460773
68,16000US0617918,"Daly City, CA",106294,39.7,916500,31289,30.63411249331193,0.29436280505014395,,0.320337674096562
69,16000US0618100,"Davis, CA",69420,25.8,674600,26367,21.050145462508212,0.37981849611063095,,0.6246276243093922
70,16000US0619766,"Downey, CA",111127,36.6,619800,32073,31.418099676791485,0.288615727950903,,0.313431618233778
71,16000US0620802,"East Los Angeles, CA",119890,31.9,506000,30676,31.809010355503364,0.25586787888898155,,0.15604059782579863
72,16000US0621712,"El Cajon, CA",102699,34.9,484500,32139,23.241476466534237,0.3129436508632022,0.9826483217947595,0.2719897018849
73,16000US0622020,"Elk Grove, CA",174791,38.6,462300,57048,33.76313474705211,0.32637836044189916,0.998215011070364,0.44592059161296455
74,16000US0622230,"El Monte, CA",115477,38.2,558100,31535,30.852491302987353,0.2730846835300536,,0.17798003523194364
75,16000US0622804,"Escondido, CA",151619,36.9,502600,51364,28.59935354779129,0.3387702069001906,0.992850500267117,0.2683690590840043
76,16000US0623182,"Fairfield, CA",117136,35.3,452400,37310,32.603090618963634,0.3185186449938533,0.978896325638574,0.3142410417754355
77,16000US0624477,"Florence-Graham, CA",70149,31.2,385600,14973,,0.21344566565453535,,0.13072758795570075
78,16000US0624638,"Folsom, CA",81324,40.1,594500,27286,,0.33552210909448626,,0.5893076433611497
79,16000US0624680,"Fontana, CA",214557,32.2,418000,56457,29.34608188085989,0.26313287378179223,0.9983407672553214,0.24352465520498773
80,16000US0626000,"Fremont, CA",241117,38.9,1086700,77848,33.78547384036059,0.3228640037823961,0.9971797923829511,0.5908071342419928
81,16000US0627000,"Fresno, CA",531581,31.8,276600,172815,21.5279289248187,0.3250962694302468,0.9883611340510665,0.29787513231216045
82,16000US0628000,"Fullerton, CA",138638,35.4,684500,44365,30.52303514904214,0.32000605894487805,,0.4217722521546109
83,16000US0629000,"Garden Grove, CA",171670,40.1,603100,47378,27.717686952562396,0.2759829906215413,0.9962719170501544,0.27487802819279145
84,16000US0630000,"Glendale, CA",199301,40.8,821800,74197,25.829516132258515,0.372286140059508,,0.44277766827198883
85,16000US0632548,"Hawthorne, CA",86062,32.2,639800,27489,29.39375286648804,0.31940926308940065,,0.2583631605660912
86,16000US0633000,"Hayward, CA",159202,36.5,645900,47826,36.347598935907634,0.3004107988593108,0.991526488360699,0.320264533682816
87,16000US0633182,"Hemet, CA",85341,40.0,231900,28412,,0.33292321392999846,,0.21334924023609192
88,16000US0633434,"Hesperia, CA",95753,34.2,267000,27185,,0.28390755381032445,,0.22768344044163297
89,16000US0636000,"Huntington Beach, CA",199228,42.5,837600,75273,28.03611879584735,0.37782339831750555,0.9982381994498766,0.45263990320445346
90,16000US0636448,"Indio, CA",91756,42.5,323300,31760,,0.34613540258947645,,0.24798362689909811
91,16000US0636546,"Inglewood, CA",108170,36.8,605000,34440,31.67256199255906,0.31838772302856616,,0.2698810048000348
92,16000US0636770,"Irvine, CA",287387,33.0,933600,104524,21.256332248478845,0.36370469088720087,0.999105735471681,0.6435008644396869
93,16000US0637692,"Jurupa Valley, CA",109525,31.8,425700,24548,,0.22413147683177356,,0.20107794763423453
94,16000US0639248,"Laguna Niguel, CA",66384,44.1,887200,24719,,0.37236382260785733,,0.5187227006884979
95,16000US0639486,"Lake Elsinore, CA",69283,31.3,383700,18642,,0.26907033471414343,,0.30279388750805486
96,16000US0639496,"Lake Forest, CA",85529,39.9,730200,28460,,0.33275263360965285,,0.49155619207346757
97,16000US0639892,"Lakewood, CA",79302,38.1,612100,25198,,0.3177473455902752,,0.38725875453863307
98,16000US0640130,"Lancaster, CA",157604,33.5,284100,49220,30.852197755119526,0.3123017182305018,0.9634844293292049,0.3376347971862303
99,16000US0641992,"Livermore, CA",90188,39.6,852500,30545,,0.33868142103162285,,0.4767776769482441
100,16000US0642202,"Lodi, CA",67581,35.1,361100,22733,,0.3363815273523624,,0.31485227727298704
101,16000US0643000,"Long Beach, CA",462645,36.0,614400,165689,30.320075871104756,0.3581342065730744,0.993435571550541,0.3655575803524479
102,16000US0644574,"Lynwood, CA",69902,30.6,455300,15142,,0.21661755028468427,,0.16840829925791306
103,16000US0645022,"Madera, CA",65859,27.8,271400,16625,,0.25243322856405354,,
104,16000US0645484,"Manteca, CA",83037,38.7,435000,26047,,0.31367944410323106,,0.26478935969539247
105,16000US0646842,"Menifee, CA",94738,37.7,370200,29356,,0.30986510164875763,0.992178428930313,0.33398123269659524
106,16000US0646898,"Merced, CA",83668,30.1,268100,25005,,0.2988597791270259,,0.27380226978444666
107,16000US0647766,"Milpitas, CA",84184,37.7,978100,26052,,0.3094649814691628,,0.5275871196052198
108,16000US0648256,"Mission Viejo, CA",94375,47.9,748900,34017,,0.3604450331125828,,0.49657330112455045
109,16000US0648354,"Modesto, CA",215196,35.8,324100,71325,,0.3314420342385546,0.9941681072138887,0.29037761841949034
110,16000US0649270,"Moreno Valley, CA",213064,31.0,350700,52220,35.025579623380864,0.24509067697968687,0.9985168775579168,0.23181328778323768
111,16000US0649670,"Mountain View, CA",82726,34.9,1645800,35456,25.122239426289624,0.4285956047675459,,0.6912396865062717
112,16000US0650076,"Murrieta, CA",116223,33.1,441400,33792,,0.29075140032523683,0.9907075191657417,0.3890688682202947
113,16000US0650258,"Napa, CA",78130,40.5,663800,28819,,0.36885959298604887,,0.33862140053378126
114,16000US0651182,"Newport Beach, CA",84522,46.2,2000001,37035,,0.4381699439199262,,0.6080037937666306
115,16000US0652526,"Norwalk, CA",103946,35.4,491600,26257,31.006047677236296,0.25260231273930694,0.9929867431166183,0.249251941425103
116,16000US0653000,"Oakland, CA",433044,36.9,807600,168413,32.02641466268951,0.38890505352804794,0.9964068316383554,0.45927056644282355
117,16000US0653322,"Oceanside, CA",175762,37.5,539000,60235,28.218504045961232,0.34270775252898805,0.9743744381606946,0.3441876403536695
118,16000US0653896,"Ontario, CA",184999,32.1,435500,49894,32.062583817612875,0.2696987551284061,0.9976486359385727,0.2286976836215066
119,16000US0653980,"Orange, CA",138661,36.6,679800,43492,,0.31365704848515447,,0.4090378634666732
120,16000US0654652,"Oxnard, CA",208875,34.1,497300,50739,25.441546292198126,0.24291561938958708,0.9954661879114303,0.21708727419427137
121,16000US0655156,"Palmdale, CA",155065,32.0,325000,41538,43.14516637754297,0.26787476219649825,0.9985941379421532,0.26119673992488773
122,16000US0655282,"Palo Alto, CA",65365,41.3,2000001,25168,23.58040978533503,0.3850378643004666,,0.7866500174287517
123,16000US0656000,"Pasadena, CA",141040,38.5,889200,56668,26.598508146306354,0.4017867271695973,0.9917115711854793,0.5428242293670479
124,16000US0656700,"Perris, CA",79294,30.7,340800,17582,,0.22173178298484122,,0.15458524242631472
125,16000US0657456,"Pittsburg, CA",72569,35.6,453700,21273,,0.2931416996238063,,0.27069357070140176
126,16000US0657792,"Pleasanton, CA",81794,42.1,1087700,28994,32.87326993926118,0.3544758784262904,,0.6486804547047924
127,16000US0658072,"Pomona, CA",151696,34.3,447600,40579,31.095598310914735,0.26750210948212216,0.9913972682206519,0.23107746825887754
128,16000US0659444,"Rancho Cordova, CA",75086,33.4,345200,24907,,0.3317129691287324,0.9968702554404283,0.3561002700491345
129,16000US0659451,"Rancho Cucamonga, CA",177614,36.9,536500,59497,31.27386192550367,0.3349792246106726,,0.4231573003863893
130,16000US0659920,"Redding, CA",92598,37.4,288100,37757,,0.40775178729562195,0.9863495971835244,0.3524645509790682
131,16000US0659962,"Redlands, CA",71516,39.6,420800,26115,,0.3651630404385033,,0.4725742007846882
132,16000US0660018,"Redondo Beach, CA",66757,38.7,1028600,26360,,0.3948649579819345,,0.5827704168033885
133,16000US0660102,"Redwood City, CA",85926,38.3,1570300,32199,24.901450862304955,0.3747294183367083,,0.496731829271966
134,16000US0660466,"Rialto, CA",103540,29.8,352500,24751,,0.2390477110295538,,0.18307555509401388
135,16000US0660620,"Richmond, CA",110575,36.5,572400,36634,36.00537164736715,0.3313045444268596,,0.2974747677294299
136,16000US0662000,"Riverside, CA",331369,31.1,411000,87189,32.28139117917344,0.2631175517323588,0.9926366075281635,0.2914701212415505
137,16000US0662364,"Rocklin, CA",68815,39.3,557700,23612,,0.3431228656542905,,0.5101971885354006
138,16000US0662938,"Roseville, CA",141492,40.0,487100,53093,,0.3752367625024736,0.9938017697113618,0.4641708860901103
139,16000US0664000,"Sacramento, CA",513620,34.8,380600,191911,25.438482382654428,0.3736439390989447,0.9914995521981231,0.38958729040616863
140,16000US0664224,"Salinas, CA",155473,30.3,478800,39862,25.130550449117457,0.25639178506879007,,0.19130841062487766
141,16000US0665000,"San Bernardino, CA",215780,31.1,285000,60308,26.02959207343341,0.2794883677820002,0.9591111317082214,0.19277528135125627
142,16000US0665042,"San Buenaventura (Ventura), CA",109108,40.1,638900,40513,24.315589002089382,0.3713109946108443,,0.40537811354626374
143,16000US0665084,"San Clemente, CA",64562,42.1,946900,23182,,0.3590657042842539,,0.4643085446409546
144,16000US0668000,"San Jose, CA",1021786,37.4,999900,327894,30.344833814342046,0.32090281135188775,0.9966235591405637,0.45527348136776663
145,16000US0668084,"San Leandro, CA",88822,41.1,654200,31691,33.633270860495436,0.35679223615770866,,0.35112821302139446
146,16000US0668196,"San Marcos, CA",96673,37.3,628800,30852,,0.31913771166716665,,0.363198609913344
147,16000US0668252,"San Mateo, CA",104438,37.2,1282100,39564,28.52273868926024,0.3788276297899232,,0.5194589220015178
148,16000US0668378,"San Ramon, CA",75984,41.8,1089700,25697,36.62500652298701,0.33818961886712995,,0.6709927607240795
149,16000US0669000,"Santa Ana, CA",332332,33.2,558400,79704,25.71282123902523,0.2398324566999266,0.9898866194046917,0.18934716456976772
150,16000US0669070,"Santa Barbara, CA",91357,37.6,1163900,38674,15.193672959900141,0.4233282616548267,,0.44294185425624594
151,16000US0669084,"Santa Clara, CA",130371,33.7,1249100,46608,24.467779893172562,0.35750281887843155,,0.5924772119311369
152,16000US0669088,"Santa Clarita, CA",212975,38.5,584400,69975,35.03385475187838,0.32855969010447234,0.9984129592675197,0.4337550255501126
153,16000US0669112,"Santa Cruz, CA",64605,26.7,945600,22166,,0.34310037922761394,,0.4920631775034185
154,16000US0669196,"Santa Maria, CA",107273,28.7,373200,27079,,0.25243071415920126,,0.17306911123641147
155,16000US0670000,"Santa Monica, CA",90401,41.6,1590800,45096,,0.49884403933584803,,0.6566029115070311
156,16000US0670098,"Santa Rosa, CA",176761,39.2,603100,65590,22.57923068296512,0.37106601569350706,,0.35177648026449726
157,16000US0672016,"Simi Valley, CA",125594,41.6,622600,42117,29.63186449848207,0.33534245266493623,0.9980174212143892,0.42501055545640926
158,16000US0673080,"South Gate, CA",93433,32.3,475300,23559,32.953496241510166,0.25214859846092924,,0.16662540652543265
159,16000US0673262,"South San Francisco, CA",67781,43.4,973400,22355,29.255577994598408,0.32981218925657635,,0.3511152885078288
160,16000US0675000,"Stockton, CA",312682,34.0,317700,96149,31.251484170179534,0.3074977133317556,0.9942625414958328,0.2531689864743877
161,16000US0677000,"Sunnyvale, CA",152710,35.6,1567100,55424,22.89682679129915,0.3629362844607426,0.9962019514111715,0.6541321673117777
162,16000US0678120,"Temecula, CA",114751,35.7,485600,35638,,0.3105680996244041,0.9907190351282342,0.4027038956923286
163,16000US0678582,"Thousand Oaks, CA",126815,40.8,793100,44618,24.53210280837551,0.35183535070772387,0.9970902495761542,0.5093811301296925
164,16000US0680000,"Torrance, CA",143589,42.5,835900,55483,28.05733644670599,0.38640146529330244,0.992750141027516,0.5238308170846032
165,16000US0680238,"Tracy, CA",94751,33.6,487200,26771,,0.2825405536617028,,0.28926289233016317
166,16000US0680644,"Tulare, CA",65508,25.6,257900,18170,,0.2773707028149234,,
167,16000US0680812,"Turlock, CA",73629,32.8,337700,25718,,0.3492917192953863,,0.3272142521591443
168,16000US0680854,"Tustin, CA",79346,34.7,720100,24125,,0.30404809316159603,,0.4319552283956842
169,16000US0681204,"Union City, CA",74099,39.7,866100,22469,38.11945392491467,0.3032294632856044,,0.4277488890635939
170,16000US0681344,"Upland, CA",77123,38.0,581500,26201,,0.33973004162182485,,0.3837888726687833
171,16000US0681554,"Vacaville, CA",100669,37.6,464300,32560,,0.3234362117434364,0.9067438834199207,0.32504950230118806
172,16000US0681666,"Vallejo, CA",121692,39.7,441100,42200,38.67326648538409,0.3467771094237912,0.9959652236794531,0.317136350335246
173,16000US0682590,"Victorville, CA",122399,30.6,258900,32188,,0.2629760047059208,,0.26016037504077844
174,16000US0682954,"Visalia, CA",134608,32.8,264000,45878,,0.34082669677879474,0.9922218590276952,0.3448686000584175
175,16000US0682996,"Vista, CA",101639,34.0,540500,31075,,0.30573893879317976,0.9809423548047501,0.2615705609063183
176,16000US0683346,"Walnut Creek, CA",70161,45.1,847300,31558,,0.44979404512478444,,0.6272519494487766
177,16000US0684200,"West Covina, CA",105114,39.0,619000,30682,34.078792958927075,0.2918926118309645,0.9946343969404646,0.3487998898981558
178,16000US0684550,"Westminster, CA",90642,39.6,651300,26984,27.840686679086,0.2976986386002074,,0.3179454643719138
179,16000US0685292,"Whittier, CA",85087,37.4,627200,26884,,0.315958959653061,0.9940766509572555,0.3453029348609134
180,16000US0686832,"Yorba Linda, CA",67645,45.4,882600,22676,,0.3352206371498263,,0.5354211335629048
181,16000US0686972,"Yuba City, CA",67009,37.3,303900,24393,,0.3640257278872987,,0.28195713113268883
182,16000US0803455,"Arvada, CO",121095,40.2,443800,48353,26.235483186270052,0.3992980717618399,0.99632519922375,0.4499612378132351
183,16000US0804000,"Aurora, CO",379312,34.3,343000,136443,28.547641738888725,0.359711793984899,0.9888139579027292,0.3209272129333007
184,16000US0807850,"Boulder, CO",105670,28.9,795000,42462,17.36374812184128,0.4018359042301505,,0.569239856312833
185,16000US0809280,"Broomfield, CO",70465,38.9,481000,28062,,0.3982402611225431,,0.5509230038964901
186,16000US0812415,"Castle Rock, CO",68494,37.0,471200,23803,,0.3475194907583146,,0.4993564648468923
187,16000US0812815,"Centennial, CO",110911,40.8,492700,40151,23.983072582713515,0.36201098177818253,0.9793077332275428,0.5277341404536375
188,16000US0816000,"Colorado Springs, CO",478215,35.6,318200,188837,21.386372208192583,0.39487887247367814,0.9738506738600838,0.4206128621985209
189,16000US0820000,"Denver, CO",727211,34.7,447500,318445,24.693662872566527,0.43789904168116267,0.9911098704502544,0.47441204156558037
190,16000US0827425,"Fort Collins, CO",170245,30.6,428900,70831,18.782381551017043,0.41605333489970336,0.9877118270727481,0.4676968966681549
191,16000US0832155,"Greeley, CO",108650,33.1,305100,38299,,0.35249884951679705,0.9768430740911183,0.3004290688935532
192,16000US0836410,"Highlands Ranch, CO",99810,40.1,519000,37081,23.2792674598325,0.3715158801723274,,0.5807594782024257
193,16000US0843000,"Lakewood, CO",157917,37.6,432200,67857,27.518199132985124,0.4297004122418739,0.9888739021131354,0.4159956244526306
194,16000US0845970,"Longmont, CO",96672,40.2,436700,39984,,0.41360476663356505,,0.42284901144610215
195,16000US0846465,"Loveland, CO",78871,38.1,351600,33393,,0.42338755689670476,,0.3806650727775773
196,16000US0862000,"Pueblo, CO",112357,37.3,159800,44945,,0.4000195804444761,0.9741004120793542,0.2964165656658053
197,16000US0877290,"Thornton, CO",141454,34.0,376900,46900,31.2174602080893,0.3315565484185672,,0.3412237578956529
198,16000US0883835,"Westminster, CO",113179,36.2,388100,43890,26.700435930496717,0.38779278841481196,,0.4074254601064014
199,16000US0908000,"Bridgeport, CT",144365,33.9,194800,50103,28.56797597259374,0.34705780486960136,,0.23896747403081273
200,16000US0918430,"Danbury, CT",84692,40.4,296400,32310,,0.38150002361498137,,0.3197536476463885
201,16000US0937000,"Hartford, CT",122107,32.5,173500,48168,,0.39447369929651865,,0.26030650794782234
202,16000US0950370,"New Britain, CT",72491,33.9,165800,29359,,0.4050020002483067,,0.2620916479005853
203,16000US0952000,"New Haven, CT",130257,32.0,198200,46982,21.793296089385475,0.3606869496457004,,0.39398436094780986
204,16000US0955990,"Norwalk, CT",88826,40.6,458000,33616,28.166330515384285,0.37844775178438744,,0.42588805709171307
205,16000US0973000,"Stamford, CT",129636,37.4,565100,49707,,0.3834351569008609,,0.4502556446657318
206,16000US0980000,"Waterbury, CT",107577,34.9,132300,42113,,0.3914684365617186,,0.25493152250813295
207,16000US1077580,"Wilmington, DE",70164,36.5,174400,31754,,0.4525682686277863,,0.39487861901989596
208,16000US1150000,"Washington, DC",705749,34.3,646500,291570,29.332755430472844,0.4131355481906457,0.9870350507049956,0.630688470019606
209,16000US1200410,"Alafaya, FL",96528,32.6,296700,30733,,0.31838430300016574,,0.4675999312465384
210,16000US1207300,"Boca Raton, FL",99795,47.6,504900,40845,,0.4092890425372013,,0.4975439256437987
211,16000US1207875,"Boynton Beach, FL",78690,42.7,238700,31863,,0.40491803278688526,,0.3261582702752711
212,16000US1208150,"Brandon, FL",116829,37.8,217300,43037,,0.3683760025336175,0.969065899733799,0.37709655316233204
213,16000US1210275,"Cape Coral, FL",194504,46.4,249600,67176,,0.3453707892896804,,0.3064184216460378
214,16000US1212875,"Clearwater, FL",116938,47.1,224700,48641,,0.4159554635789906,0.9902768988694864,0.3559775165174707
215,16000US1214400,"Coral Springs, FL",133765,36.4,401700,41240,,0.3083018726871753,,0.3948709437880461
216,16000US1216475,"Davie, FL",106310,35.2,345000,35708,,0.33588561753362806,,0.39137333097485544
217,16000US1216525,"Daytona Beach, FL",69197,42.7,168700,28839,,0.4167666228304695,,0.2856785264211853
218,16000US1216725,"Deerfield Beach, FL",81070,46.4,229200,33439,,0.4124707043295917,,0.27905783092808223
219,16000US1217100,"Delray Beach, FL",69449,47.7,294700,28548,,0.4110642341862374,,0.36891042233134136
220,16000US1217200,"Deltona, FL",92752,37.0,179700,31783,,0.3426664654131447,0.9979623080903915,0.26794881445238994
221,16000US1217935,"Doral, FL",65746,38.8,433400,19722,23.146092575413455,0.29997262190855717,,0.4312818726046055
222,16000US1224000,"Fort Lauderdale, FL",182434,41.1,359200,76348,24.199889258028794,0.4184965521777739,0.9885821721828169,0.3864952855448122
223,16000US1224125,"Fort Myers, FL",87111,37.9,263700,30754,,0.3530438176579307,,0.3020981915865352
224,16000US1224562,"Fountainebleau, FL",68619,39.1,227200,22887,,0.33353735845757004,,0.3692450278042182
225,16000US1225175,"Gainesville, FL",133990,27.0,187200,51990,17.262439206883652,0.3880140308978282,0.9856257929696246,0.45116585601306947
226,16000US1230000,"Hialeah, FL",233362,44.9,290900,75989,27.092745018665948,0.3256271372374251,0.996636127561471,0.1730728442485801
227,16000US1232000,"Hollywood, FL",154802,41.4,292300,55172,31.265924779210234,0.3564036640353484,,0.33193613749910716
228,16000US1232275,"Homestead, FL",69526,31.5,242800,20320,,0.2922647642608521,,0.23267114477633272
229,16000US1235000,"Jacksonville, FL",911528,36.1,200200,349171,23.42221314371522,0.38306118956301943,0.9737111750818406,0.35757258823679566
230,16000US1235875,"Jupiter, FL",65797,46.4,434300,26959,,0.40972992689636306,,0.44818961410195335
231,16000US1236100,"Kendall, FL",80410,42.2,404300,28610,,0.3558015172242258,,0.48738915079833134
232,16000US1236950,"Kissimmee, FL",72701,35.6,208700,22709,,0.31236159062461316,,0.24170273185249908
233,16000US1238250,"Lakeland, FL",112142,39.7,180500,40236,,0.3587950990708209,,0.33273275776393535
234,16000US1239425,"Largo, FL",84957,48.9,114600,33687,,0.39651823863837,,0.3127417151492818
235,16000US1239550,"Lauderhill, FL",71863,36.2,191200,24628,,0.34270765206017006,,0.24626824157688812
236,16000US1239925,"Lehigh Acres, FL",134667,37.4,183800,38662,,0.28709334877883963,0.9995099022032123,0.2235547445840491
237,16000US1243975,"Melbourne, FL",83030,43.0,199400,31680,,0.3815488377694809,,0.37684041361622
238,16000US1245000,"Miami, FL",467968,40.7,358500,189084,26.595279916210565,0.40405326859956237,0.9902215536105032,0.30864946474829125
239,16000US1245025,"Miami Beach, FL",88885,40.5,452800,40084,24.510856053700174,0.4509647297069247,,0.41594022415940224
240,16000US1245060,"Miami Gardens, FL",110003,36.3,241100,32171,,0.2924556603001736,,0.20555294788689715
241,16000US1245975,"Miramar, FL",141196,36.1,336500,39853,,0.2822530383296977,,0.37033491470106494
242,16000US1249675,"North Port, FL",70722,47.9,235500,26005,,0.36770736121716013,,
243,16000US1253000,"Orlando, FL",287435,34.6,260800,109454,26.166689790873086,0.38079565814879884,0.9959295144989302,0.3754569709382245
244,16000US1254000,"Palm Bay, FL",115560,43.3,184600,38504,,0.33319487712011076,0.9924022152994115,0.3027954758580763
245,16000US1254200,"Palm Coast, FL",89797,51.6,237700,34103,,0.379778834482221,,0.31708951932970747
246,16000US1255775,"Pembroke Pines, FL",173591,40.7,324200,57399,,0.33065654325397054,0.9943084606920866,0.41452448693668154
247,16000US1256825,"Pine Hills, FL",94802,32.4,176600,24507,,0.25850720448935677,,0.19864633655394526
248,16000US1257425,"Plantation, FL",94605,41.6,350800,36203,,0.3826753342846573,,0.4412404977823308
249,16000US1257900,"Poinciana, FL",72545,34.2,190300,20240,,0.2789992418498863,,
250,16000US1258050,"Pompano Beach, FL",112122,46.3,245400,44297,25.861011329096435,0.3950785751235262,,0.2610533696877327
251,16000US1258350,"Port Charlotte, FL",65951,50.4,193700,24367,,0.36947127412776154,,0.28928052753463906
252,16000US1258715,"Port St. Lucie, FL",201858,42.3,244900,68484,,0.33926819843652467,0.9951104241595577,0.2995310974759448
253,16000US1260950,"Riverview, FL",97034,37.8,233900,35959,,0.3705814456788342,0.9914772141723519,0.4011836085140243
254,16000US1263000,"St. Petersburg, FL",265358,43.8,242700,110354,22.535828792996337,0.41586837404562893,0.9885287046179124,0.40871302703691575
255,16000US1268350,"Spring Hill, FL",113787,45.4,174800,43691,,0.383971806972677,0.9869053582570944,0.3076568946491703
256,16000US1269700,"Sunrise, FL",95153,44.6,260400,39427,,0.4143537250533352,,0.3358657131337139
257,16000US1270600,"Tallahassee, FL",194503,26.8,219700,76684,17.01991233690291,0.3942561297255055,0.9829154306103248,0.4478735349332044
258,16000US1270675,"Tamarac, FL",66712,49.5,179600,26124,,0.3915937162729344,,0.3137542066558644
259,16000US1271000,"Tampa, FL",399690,36.0,265700,153918,23.305457233860473,0.38509344742175183,0.9910005254071905,0.4197897302726285
260,16000US1271569,"The Hammocks, FL",65765,38.6,355500,19617,,0.2982893636432753,,0.3891974857476977
261,16000US1271625,"The Villages, FL",85377,72.6,301400,46727,,0.5473019665717933,,
262,16000US1272145,"Town 'n' Country, FL",98550,36.1,212500,33230,,0.3371892440385591,,0.32904629679926123
263,16000US1275812,"Wellington, FL",65389,44.6,396900,22506,,0.3441863310342718,,0.4773706020963679
264,16000US1275875,"Wesley Chapel, FL",62516,37.6,260900,20585,,0.32927570541941265,,0.481442304700868
265,16000US1276582,"Weston, FL",71164,42.3,494700,20420,,0.2869428362655275,,0.5471903688281426
266,16000US1276600,"West Palm Beach, FL",111952,36.9,267800,41678,24.033017968183724,0.37228455052165216,0.9899331856509933,0.34236840399325813
267,16000US1301052,"Albany, GA",70643,34.1,108400,25640,,0.36295174327251106,,0.2723051133346522
268,16000US1301696,"Alpharetta, GA",67208,41.6,469100,25391,,0.3777972860373765,,0.6046251849168252
269,16000US1303440,"Athens-Clarke County unified government (balance), GA",126718,28.5,195500,51640,18.81618592998849,0.4075190580659417,0.9949257406209062,0.4083098362833818
270,16000US1304000,"Atlanta, GA",506804,33.3,359500,223736,25.081843523936783,0.44146455039818155,0.9838912084356083,0.536025159081715
271,16000US1304204,"Augusta-Richmond County consolidated government (balance), GA",197325,34.2,123900,66838,19.875272876114245,0.33872038515139996,0.9419080197643481,0.3049699583586665
272,16000US1319000,"Columbus, GA",195769,34.9,139400,73134,18.896137073872076,0.37357293544943276,0.9509319657351266,0.3244569333611407
273,16000US1342425,"Johns Creek, GA",84590,41.3,437200,28638,,0.33855065610592266,,0.6136012303653536
274,16000US1349008,"Macon-Bibb County, GA",153159,36.5,128000,56726,20.944244045027677,0.3703732722203723,0.9802884583994411,0.3426640434389335
275,16000US1367284,"Roswell, GA",94747,39.3,422300,35944,,0.3793682121861378,,0.49728606107355144
276,16000US1368516,"Sandy Springs, GA",109466,37.3,481600,52820,,0.48252425410629785,,0.5686375490604152
277,16000US1369000,"Savannah, GA",144457,33.4,164100,53371,20.33221218253855,0.36945942391161385,0.9610956893746928,0.30766921741702813
278,16000US1380508,"Warner Robins, GA",77421,32.8,135800,29742,,0.38415933661409696,,0.32129729861964784
279,16000US1571550,"Urban Honolulu, HI",345055,41.4,754700,131873,23.862422817464676,0.38217965251916364,0.9655185405225254,0.36400794941748293
280,16000US1608830,"Boise City, ID",228965,37.6,310900,95359,17.551101489463484,0.41647850108095125,0.9940733299849321,0.4435754627888718
281,16000US1652120,"Meridian, ID",114161,35.8,331600,40194,,0.35208170916512643,,0.4143456615261027
282,16000US1656260,"Nampa, ID",99276,33.0,214000,34798,,0.35051774849913375,0.9933720133768483,0.26771664695593056
283,16000US1702154,"Arlington Heights, IL",71825,44.6,374100,28748,,0.4002506091193874,,0.523403221478457
284,16000US1703012,"Aurora, IL",198827,35.3,211400,63972,31.69608381238505,0.32174704642729607,0.9960518440654438,0.3231528201380202
285,16000US1706613,"Bloomington, IL",77323,35.4,173900,31564,,0.4082097176777931,,0.46251151821555037
286,16000US1707133,"Bolingbrook, IL",73304,37.9,245700,22890,29.356653992395437,0.3122612681436211,,0.36276005034426595
287,16000US1712385,"Champaign, IL",88919,27.2,154600,35865,14.486124424286348,0.4033446170109875,,0.4804229647308406
288,16000US1714351,"Cicero, IL",80801,31.1,179500,22399,31.08114471068327,0.2772119156941127,,0.12263194673751948
289,16000US1718823,"Decatur, IL",69553,39.7,87800,29772,,0.4280476758730752,,0.2995970796406713
290,16000US1723074,"Elgin, IL",110889,34.9,194500,36849,,0.3323052782512242,,0.273287338752156
291,16000US1724582,"Evanston, IL",73470,35.1,395500,27877,28.90669233382403,0.379433782496257,,0.6185043511146654
292,16000US1738570,"Joliet, IL",148806,35.4,205600,48724,30.703758492220032,0.327433033614236,0.9855314973858581,0.26394559691726327
293,16000US1751622,"Naperville, IL",149640,40.5,423000,52238,31.80195537728754,0.34909115209836944,,0.5921005664037048
294,16000US1757225,"Palatine, IL",67436,36.7,304300,25880,,0.38377127943531647,,0.4476455926888752
295,16000US1759000,"Peoria, IL",109936,36.5,124600,46130,,0.4196077717944986,0.9901670062581865,0.4229512389179359
296,16000US1765000,"Rockford, IL",143707,36.7,98900,57463,19.68841551219028,0.3998622196552708,0.9810169302817539,0.27822964737735084
297,16000US1768003,"Schaumburg, IL",72862,40.4,255700,30713,,0.42152287886689904,,0.47733369708543627
298,16000US1770122,"Skokie, IL",62691,40.8,328400,20060,26.40953106299641,0.3199821345966726,,0.44868535927724906
299,16000US1772000,"Springfield, IL",114171,40.1,143200,49544,16.519408653747984,0.433945572868767,0.9855655113820497,0.42402851476657555
300,16000US1779293,"Waukegan, IL",86262,32.8,143800,29100,,0.337344369479029,,0.22809871777195642
301,16000US1805860,"Bloomington, IN",86630,23.7,231300,30072,15.377397527017818,0.347131478702528,,0.469247154597285
302,16000US1810342,"Carmel, IN",101918,37.8,370400,38677,,0.37949135579583587,,0.6328787693701156
303,16000US1822000,"Evansville, IN",117557,36.7,97700,50692,17.273250895476718,0.4312120928570821,0.9793461895080684,0.27600339247759464
304,16000US1823278,"Fishers, IN",96301,36.6,277800,34846,,0.36184463297369707,,0.5870279419098424
305,16000US1825000,"Fort Wayne, IN",262907,35.4,124400,105414,21.009946202927562,0.4009554709459999,0.9890303415276124,0.31861821517149286
306,16000US1827000,"Gary, IN",70778,36.8,63800,29466,,0.4163158043459832,,0.22092037264091488
307,16000US1831000,"Hammond, IN",75517,41.2,97500,29402,,0.3893427969861091,,0.2203152303673074
308,16000US1836003,"Indianapolis city (balance), IN",870340,34.3,155400,340639,23.11832583890933,0.3913861249626583,0.9891031091297654,0.3506169438936292
309,16000US1840788,"Lafayette, IN",72633,34.4,118800,33086,,0.4555229716520039,,0.30319757342004894
310,16000US1851876,"Muncie, IN",67967,30.2,77500,26772,,0.39389703826857153,,0.3046551048492194
311,16000US1854180,"Noblesville, IN",63325,36.0,241700,22515,,0.35554678247137783,,0.5097307497324396
312,16000US1871000,"South Bend, IN",102602,34.7,92200,41196,19.64442745173007,0.40151264107912127,0.9850295315880782,0.3102557930898667
313,16000US1901855,"Ames, IA",66258,25.0,234100,26347,,0.3976425488242929,,0.4863061341054453
314,16000US1902305,"Ankeny, IA",67347,32.4,237100,26150,,0.388287525799219,,0.5069117838118747
315,16000US1912000,"Cedar Rapids, IA",133563,36.7,146700,57947,17.453778076350147,0.4338551844447938,0.9906111722557894,0.36284712322518103
316,16000US1919000,"Davenport, IA",101591,38.0,137700,41123,,0.40478979437154866,0.9860420706558651,0.31753384985490857
317,16000US1921000,"Des Moines, IA",214200,35.2,150200,91045,18.317893003191003,0.425046685340803,0.9925023342670402,0.3102454585548818
318,16000US1938595,"Iowa City, IA",75149,28.4,243500,32850,,0.43713156529028996,,0.4854013850756055
319,16000US1973335,"Sioux City, IA",83288,35.1,120200,31968,,0.3838248006915762,0.9902987225050427,0.28298197329918895
320,16000US1982425,"Waterloo, IA",67326,36.3,127900,27914,,0.41460951192704154,,0.27122642517383294
321,16000US1983910,"West Des Moines, IA",67696,39.2,239600,30464,,0.45001181753722524,,0.5824382012567528
322,16000US2036000,"Kansas City, KS",152818,33.4,99700,56873,,0.3721616563493829,0.9932599562878719,0.24062561241551272
323,16000US2038900,"Lawrence, KS",98196,28.4,205400,39442,,0.4016660556438144,,0.4532998194724762
324,16000US2052575,"Olathe, KS",140557,35.0,273400,49971,,0.35552124760773207,0.9882325319976949,0.4643882876427485
325,16000US2053775,"Overland Park, KS",195483,37.8,306300,79436,18.76913655848132,0.4063575860816542,0.9945877646649581,0.5492142300557865
326,16000US2064500,"Shawnee, KS",65810,39.9,261700,24678,,0.37498860355569064,,0.4662472543862028
327,16000US2071000,"Topeka, KS",125318,39.1,105100,54066,17.115818184684755,0.4314304409582023,0.9743532453438453,0.35886704209220194
328,16000US2079000,"Wichita, KS",389914,35.3,146700,153454,18.425370696287242,0.39355857958421603,0.9862944136399309,0.3435732686443754
329,16000US2108902,"Bowling Green, KY",70542,27.1,183600,27178,,0.3852740211505203,,0.3039296764718464
330,16000US2146027,"Lexington-Fayette, KY",323152,35.0,211400,131929,20.07666077760344,0.4082567955636976,0.9863655493390108,0.43195359699622793
331,16000US2148006,"Louisville/Jefferson County metro government (balance), KY",617630,37.9,172100,252784,21.94632425915688,0.4092806372747438,0.9887035927658955,0.35301840530659906
332,16000US2205000,"Baton Rouge, LA",220248,33.8,187500,82097,21.023890784982935,0.3727479931713341,0.9931622534597363,0.35681894581375223
333,16000US2208920,"Bossier City, LA",68147,35.4,161100,26677,,0.39146257355422837,0.9171643652691974,0.3538016151150389
334,16000US2239475,"Kenner, LA",66355,41.2,195700,26151,,0.394107452339688,,0.3007873879785195
335,16000US2240735,"Lafayette, LA",126199,37.6,202600,52267,,0.4141633451929096,0.9866956156546407,0.37970896509616364
336,16000US2241155,"Lake Charles, LA",78395,37.6,155600,32614,,0.4160214299381338,,0.3016546707956089
337,16000US2250115,"Metairie, LA",130427,40.6,246600,56421,,0.4325868110130571,0.9956220721169696,0.38452631782421276
338,16000US2255000,"New Orleans, LA",390144,38.3,242900,151753,21.61900779482561,0.3889666379593176,0.9915313320209974,0.42769144572540946
339,16000US2270000,"Shreveport, LA",186815,36.1,152000,73114,,0.3913711425742044,0.9701255252522549,0.32903469040081323
340,16000US2360545,"Portland, ME",66218,37.2,334200,30900,,0.4666404905010722,,0.4741848126044051
341,16000US2404000,"Baltimore, MD",593490,35.9,179100,242694,30.039330900819788,0.4089268563918516,0.9849854251967177,0.4318006030867833
342,16000US2419125,"Columbia, MD",104726,38.6,402200,39629,27.589019004160022,0.3784065084124286,0.9945381280675286,0.611279741994748
343,16000US2426000,"Ellicott City, MD",72605,43.0,557900,27514,,0.3789546174505888,,0.653372515552535
344,16000US2430325,"Frederick, MD",72237,36.9,274600,29293,31.69145464863331,0.40551241053753617,,0.4399157419822296
345,16000US2431175,"Gaithersburg, MD",67982,38.7,397300,25589,30.371519939804365,0.3764084610632226,,0.49623923949940535
346,16000US2432025,"Germantown, MD",83707,35.9,365000,28833,,0.3444514795656277,,0.49994622921468496
347,16000US2432650,"Glen Burnie, MD",74956,39.9,270200,29669,,0.3958188804098404,,0.3409366486622679
348,16000US2467675,"Rockville, MD",68085,39.9,583100,26360,29.1859594717425,0.38716310494235145,,0.627389953130523
349,16000US2472450,"Silver Spring, MD",83247,35.0,527300,31712,32.51896921975662,0.38093865244393194,,0.5327134424486294
350,16000US2481175,"Waldorf, MD",80971,35.9,299300,29863,,0.36881105581010487,,0.4148244663719146
351,16000US2509000,"Brockton, MA",95705,36.1,314600,31440,33.17605995048732,0.32850948226320464,,0.26271964619238286
352,16000US2511000,"Cambridge, MA",118925,29.7,869900,47374,24.93072306052617,0.39835190245953334,,0.7432814997571304
353,16000US2523000,"Fall River, MA",89534,39.2,259600,37899,,0.42329171041168717,,0.2595693335808428
354,16000US2524960,"Framingham, MA",74429,35.1,453600,27005,29.408602150537636,0.36282900482338876,,0.42533860610134583
355,16000US2534550,"Lawrence, MA",80038,34.2,313300,27844,,0.34788475474149777,,0.16092219516587455
356,16000US2537000,"Lowell, MA",110990,36.2,293900,41753,26.175275916755673,0.3761870438778268,,0.31424105863658863
357,16000US2537490,"Lynn, MA",94300,35.7,380600,31833,33.511353982504076,0.3375715800636267,,0.2505222466128131
358,16000US2545000,"New Bedford, MA",95348,35.8,243300,39216,27.337430882420144,0.4112933674539581,,0.2564970639372765
359,16000US2545560,"Newton, MA",88411,40.7,944200,30643,26.14174424408133,0.3465971428894595,,0.6931904409491602
360,16000US2555745,"Quincy, MA",94468,40.2,475700,42242,34.33720112517581,0.4471567091501884,,0.4651533383199454
361,16000US2562535,"Somerville, MA",81358,32.6,778400,32120,31.439994117971434,0.3947982988765702,,0.6321379625399726
362,16000US2567000,"Springfield, MA",153599,32.1,165800,54922,21.74235973848259,0.3575674320796359,,0.2837804875268714
363,16000US2582000,"Worcester, MA",185421,34.5,249600,69125,24.274397938516028,0.3728002761283781,0.9903624724276107,0.35687201312752925
364,16000US2603000,"Ann Arbor, MI",119976,27.6,370100,45827,,0.38196806027872243,,0.6551079000431923
365,16000US2621000,"Dearborn, MI",93927,29.9,157600,30304,,0.3226335345534298,0.9965079263683498,0.38183346017250125
366,16000US2622000,"Detroit, MI",670052,35.0,58900,267139,24.540321576440558,0.3986839827356683,0.9920797191859736,0.23399912354856778
367,16000US2627440,"Farmington Hills, MI",80597,40.1,282200,32850,,0.4075834088117424,,0.5479490348894779
368,16000US2629000,"Flint, MI",95541,36.2,34400,40121,,0.419934897059901,,0.2141284914695392
369,16000US2634000,"Grand Rapids, MI",201004,31.4,168300,77128,19.056186035600128,0.3837137569401604,0.982562536068934,0.3517329668740055
370,16000US2642160,"Kalamazoo, MI",76201,27.8,122000,30858,,0.40495531554704006,0.9846852403511764,0.3319417582292806
371,16000US2646000,"Lansing, MI",116677,33.3,94200,51035,19.664717219379277,0.43740411563547227,0.9969488416740232,0.3146636071829116
372,16000US2649000,"Livonia, MI",93664,46.4,220100,37899,,0.4046271779979501,0.9899641270925863,0.4353358309198853
373,16000US2669035,"Rochester Hills, MI",74509,42.2,308900,28261,,0.37929646083023527,,0.5648394784803028
374,16000US2674900,"Southfield, MI",72700,43.5,171900,34836,,0.47917469050894085,,0.4240179150708441
375,16000US2676460,"Sterling Heights, MI",132429,42.2,212500,51367,,0.38788331860846187,,0.36783622770897934
376,16000US2680700,"Troy, MI",84087,42.4,343500,31410,,0.37354168896500056,,0.6194140714792997
377,16000US2684000,"Warren, MI",133944,38.2,147100,52359,25.458359085290482,0.3909021680702383,0.9917652153138625,0.26955657531594035
378,16000US2686000,"Westland, MI",81524,40.3,148500,35324,,0.433295716598793,0.9922231490113341,0.28720414641231046
379,16000US2688940,"Wyoming, MI",75660,34.2,155100,28313,,0.37421358710018504,,0.2537939476858269
380,16000US2706382,"Blaine, MN",65612,35.5,256000,23243,,0.35424922270316406,,0.40754039497307
381,16000US2706616,"Bloomington, MN",84935,39.6,281500,35843,,0.42200506269500204,,0.42202777018199494
382,16000US2707966,"Brooklyn Park, MN",80401,34.9,248700,27090,,0.3369361077598537,,0.3515405104828855
383,16000US2717000,"Duluth, MN",85617,34.5,170400,37374,16.09137111678254,0.43652545639300605,0.9838349860424915,0.390416969399598
384,16000US2717288,"Eagan, MN",66376,36.7,317700,24515,21.442612642169728,0.36933530191635533,,0.5005649802350768
385,16000US2735180,"Lakeville, MN",67326,36.5,344800,22225,,0.3301102100228738,,0.46888155179529506
386,16000US2740166,"Maple Grove, MN",72616,40.8,328300,28583,,0.3936184862840145,,0.5351206635088837
387,16000US2743000,"Minneapolis, MN",429605,32.2,282200,181833,22.414196535953593,0.4232562470176092,0.9914665797651331,0.499064372156484
388,16000US2751730,"Plymouth, MN",79785,38.9,381400,30392,23.060958195873752,0.38092373253117756,,0.5705793382390428
389,16000US2754880,"Rochester, MN",118924,36.3,229800,50479,15.319801933207827,0.4244643637953651,,0.5129460272334897
390,16000US2756896,"St. Cloud, MN",66741,34.1,169500,27322,,0.40937354849342983,,0.30174567546774744
391,16000US2758000,"St. Paul, MN",308096,33.0,231500,110782,22.978493414311064,0.3595697444952223,0.9931125363523058,0.4229421728359642
392,16000US2771428,"Woodbury, MN",72813,37.1,343800,26254,,0.36056748108167497,,0.5531920620455498
393,16000US2829700,"Gulfport, MS",71701,34.6,123800,25559,,0.35646643700924674,0.9646308977559588,0.2664597671891368
394,16000US2836000,"Jackson, MS",160532,34.7,91100,61590,,0.38366182443375774,0.9913163730595769,0.3021378486738879
395,16000US2915670,"Columbia, MO",123204,28.5,218100,46841,,0.38019057822797964,,0.4681392566562333
396,16000US2935000,"Independence, MO",116673,36.8,129100,47329,,0.40565512157911426,0.9900233987297833,0.2747074307168012
397,16000US2938000,"Kansas City, MO",495278,35.3,168400,209768,20.98006773251083,0.4235358727825585,0.9906880580199403,0.3916825991111748
398,16000US2941348,"Lee's Summit, MO",99290,38.3,245700,36469,,0.36729781448282806,,0.4984094672222657
399,16000US2954074,"O'Fallon, MO",88659,38.3,245100,32274,,0.3640239569586844,,0.4373872147924752
400,16000US2964082,"St. Charles, MO",71009,38.9,218200,29838,,0.42020025630553876,,0.40772253286988064
401,16000US2964550,"St. Joseph, MO",75053,39.0,114400,29399,,0.39170985836675415,,0.27341891366214194
402,16000US2965000,"St. Louis, MO",300576,36.4,150700,146779,23.231009092576578,0.4883257478973704,0.9855044980304483,0.4209569150645878
403,16000US2970000,"Springfield, MO",167864,33.6,124000,80693,18.47170680352678,0.48070461802411474,0.9804246294619454,0.3233542416751914
404,16000US3006550,"Billings, MT",109577,37.6,232700,48990,,0.44708287323069623,,0.35670647986960147
405,16000US3050200,"Missoula, MT",75527,34.6,317800,33448,17.392067975221323,0.4428614932408278,,0.4034080210883073
406,16000US3128000,"Lincoln, NE",289096,33.5,189400,117726,17.820005286742862,0.4072211306970695,0.9838358192434347,0.3989773916411263
407,16000US3137000,"Omaha, NE",478203,34.6,175800,188824,19.13588468415629,0.3948615964349868,0.9871163501692796,0.389957419409703
408,16000US3223770,"Enterprise, NV",191871,35.6,362300,65759,21.78463679584536,0.3427250600663988,0.9989419974878955,0.3480914967850835
409,16000US3231900,"Henderson, NV",320190,43.7,371500,121285,24.543807563847373,0.37879071801118086,0.9937818170461289,0.375194779291689
410,16000US3240000,"Las Vegas, NV",651297,36.8,305900,235628,25.52582774324056,0.36178271971159087,0.9867940432705816,0.284528918904585
411,16000US3251800,"North Las Vegas, NV",251984,33.5,285200,75600,27.602800774755316,0.30001904882849706,0.9824949203124008,0.2256968546637744
412,16000US3254600,"Paradise, NV",237899,37.8,282800,94188,22.661503501368085,0.39591591389623326,0.9959772844778667,0.23797300898207122
413,16000US3260600,"Reno, NV",255624,35.9,378600,110118,19.766033571134884,0.43078114731011174,0.9904899383469471,0.34342112140569997
414,16000US3268400,"Sparks, NV",105011,38.9,352700,38887,,0.3703135861957319,0.9968479492624582,0.30021659708497656
415,16000US3268585,"Spring Valley, NV",222372,37.2,311000,82969,21.947225419021002,0.37310902451747524,0.999865090928714,0.2599974689951911
416,16000US3271400,"Sunrise Manor, NV",192968,35.0,226400,62646,31.239184845443344,0.3246445006425936,0.9980514904025538,0.14776050269613628
417,16000US3345140,"Manchester, NH",112658,38.7,253900,46435,,0.41217667631237903,,0.3408780017331809
418,16000US3350260,"Nashua, NH",89356,39.7,285900,37474,,0.41937866511482164,,0.3990381062458061
419,16000US3403580,"Bayonne, NJ",64903,38.5,385800,25939,35.30284764759546,0.39965795109625135,,0.37876327874936216
420,16000US3410000,"Camden, NJ",73560,30.3,88600,24051,,0.32695758564437194,,0.21851351904119115
421,16000US3413690,"Clifton, NJ",85053,39.2,365400,28207,,0.3316402713602107,,0.35959929539312974
422,16000US3419390,"East Orange, NJ",64357,34.6,236700,27960,34.07871019427198,0.43445157480926705,,0.2657277221753286
423,16000US3421000,"Elizabeth, NJ",129215,34.8,290200,40227,25.670922155279822,0.3113183453933367,,0.17480370386664598
424,16000US3436000,"Jersey City, NJ",262075,34.1,424900,108939,36.15978081116686,0.4156787179242583,0.9950319565010016,0.46692782632535224
425,16000US3451000,"Newark, NJ",281999,34.6,270600,102155,34.15260665877528,0.36225305763495613,0.9704147887049245,0.21485233311147162
426,16000US3456550,"Passaic, NJ",69694,30.8,349400,19956,,0.28633741785519556,,0.19326534979669638
427,16000US3457000,"Paterson, NJ",145227,32.4,266000,43172,24.855312804284324,0.29727254573874007,0.9937064044564716,0.16254181987197483
428,16000US3473110,"Toms River, NJ",91785,43.5,296800,34678,,0.37781772620798604,,0.37041776292166373
429,16000US3474000,"Trenton, NJ",83211,34.5,97600,28246,,0.33945031305957146,,0.1931078769270904
430,16000US3474630,"Union City, NJ",67977,37.8,385500,25581,34.13041781570321,0.37631846065581004,,0.22756885916396688
431,16000US3502000,"Albuquerque, NM",560504,37.3,211800,227179,21.686235971475334,0.40531200490986685,0.9931579435650771,0.41405704765978524
432,16000US3539380,"Las Cruces, NM",103436,30.5,165300,40185,,0.3885011021307862,,0.36698573176747973
433,16000US3563460,"Rio Rancho, NM",99159,37.9,192700,35765,,0.3606833469478313,0.996066922820924,0.39136453245598785
434,16000US3570500,"Santa Fe, NM",84700,44.9,303200,35112,,0.41454545454545455,0.9968949232585597,0.4328295397653478
435,16000US3601000,"Albany, NY",96460,30.6,189500,42408,17.887547520828278,0.4396433754924321,,0.42107689793631525
436,16000US3608026,"Brentwood, NY",61930,36.8,342400,13737,,0.22181495236557403,,0.18612304458299744
437,16000US3611000,"Buffalo, NY",255300,32.7,117500,109163,19.57604426198984,0.4275871523697611,0.990677634155895,0.3355700506734367
438,16000US3615000,"Cheektowaga, NY",74058,40.6,123700,35691,,0.48193307947824676,,0.3260872786545158
439,16000US3649121,"Mount Vernon, NY",67330,44.6,398600,26535,37.85479510966394,0.39410366849844053,,0.35546232418163964
440,16000US3650617,"New Rochelle, NY",78568,44.3,588600,32251,33.14874761197198,0.41048518480806434,,0.44650138580529075
441,16000US3663000,"Rochester, NY",205704,33.3,87000,87679,17.707326502996327,0.42623867304476337,0.9854110761093611,0.34241640946704877
442,16000US3665508,"Schenectady, NY",65272,34.6,107000,26574,,0.40712709890918003,,0.3129384946195363
443,16000US3673000,"Syracuse, NY",142310,32.2,99800,57114,17.40961324002392,0.4013351134846462,0.9833110814419226,0.35514348678363145
444,16000US3684000,"Yonkers, NY",200362,37.9,422700,74854,33.66381181885285,0.3735937952306326,0.9954931573851329,0.36969717987069384
445,16000US3702140,"Asheville, NC",92859,39.0,329500,40340,,0.43442208078915345,,0.43544781332960736
446,16000US3710740,"Cary, NC",171143,39.2,397900,64728,21.21866334354967,0.37821003488310945,0.9988138574174813,0.6284704894790589
447,16000US3712000,"Charlotte, NC",885707,34.2,252100,342448,23.585496941321782,0.38663801911918955,0.9947522148972515,0.4225075870162225
448,16000US3714100,"Concord, NC",96342,35.6,264400,30660,,0.31824126549168585,,0.41309723116548613
449,16000US3719000,"Durham, NC",279447,34.5,253500,114726,20.95268754532331,0.41054654370954063,0.9938342512175833,0.49533557649262583
450,16000US3722920,"Fayetteville, NC",211674,30.2,128000,82087,18.71256267786963,0.3877991628636488,0.8726107126997175,0.3264075304581738
451,16000US3725580,"Gastonia, NC",77277,38.2,184300,27796,,0.3596930522665217,,0.3121710945234799
452,16000US3728000,"Greensboro, NC",296725,34.7,169600,118046,21.221859866881267,0.3978296402392788,0.9907456399022664,0.3791211855217638
453,16000US3728080,"Greenville, NC",93391,28.1,165000,37402,,0.4004882697476202,,0.39084083691632143
454,16000US3731400,"High Point, NC",111756,35.9,157800,40877,,0.36577007051075555,0.9890654640466731,0.35004101675990384
455,16000US3734200,"Jacksonville, NC",72438,23.3,164800,21986,,0.3035147298379304,,
456,16000US3755000,"Raleigh, NC",474708,34.5,274200,188412,21.808299527247172,0.3969008316691524,0.9858039047161623,0.47171406583774195
457,16000US3774440,"Wilmington, NC",123728,35.9,273600,54673,17.26383722724078,0.4418805767489978,0.9945525669209879,0.406427580486697
458,16000US3775000,"Winston-Salem, NC",247951,35.0,154200,94884,21.191635278231825,0.3826723828498373,0.9898528338260382,0.38533154423040566
459,16000US3807200,"Bismarck, ND",74632,35.9,251600,30833,,0.4131337763961839,,0.39658247703666344
460,16000US3825700,"Fargo, ND",123736,33.4,236800,57118,16.576267552792366,0.46161181871080365,0.9878208443783539,0.38900289460856585
461,16000US3901000,"Akron, OH",197597,38.0,86600,83821,20.671011940554934,0.4242017844400472,0.9873226820245247,0.28626682795489133
462,16000US3912000,"Canton, OH",70445,38.3,77900,31981,,0.45398537866420613,,0.23874612897902125
463,16000US3915000,"Cincinnati, OH",303954,32.5,170800,137582,22.44107273574233,0.45264086013015126,0.9878106555597228,0.41655355547548656
464,16000US3916000,"Cleveland, OH",380989,35.5,71100,171632,22.229137083904046,0.4504906965817911,0.9842278910939686,0.2819276266037642
465,16000US3918000,"Columbus, OH",902073,32.4,173300,368491,21.77719234682076,0.4084935476397143,0.9942388254609106,0.4015185588411796
466,16000US3921000,"Dayton, OH",140402,33.0,67900,56520,20.535145948895153,0.4025583681144143,0.9768236919701998,0.29255869077338176
467,16000US3944856,"Lorain, OH",63866,35.9,95000,24947,,0.3906147245795885,,0.23794945212268045
468,16000US3961000,"Parma, OH",78093,42.4,119600,34332,,0.43962967231377975,,0.3173788898030296
469,16000US3977000,"Toledo, OH",272778,35.6,84600,121022,19.722281664341292,0.44366481167836114,0.9898305581828447,0.27126378038986637
470,16000US3988000,"Youngstown, OH",65479,39.4,50200,29102,21.765490533562822,0.44444783823821377,,0.22446819769287754
471,16000US4009050,"Broken Arrow, OK",110715,37.6,172100,41730,20.842381327039078,0.37691369733098495,0.994707130921736,0.40159988546681225
472,16000US4023200,"Edmond, OK",94058,39.0,264200,36056,,0.383337940419741,0.9884751961555636,0.4967088655525824
473,16000US4041850,"Lawton, OK",93026,31.5,116700,32174,,0.34586029712123495,0.8639735127813729,0.3419336580073818
474,16000US4052500,"Norman, OK",124867,31.2,205100,48531,22.030063421464458,0.3886615358741701,0.9921116067495815,0.45180770851870933
475,16000US4055000,"Oklahoma City, OK",655158,34.6,165700,249615,20.96170997179985,0.3809996977828249,0.9839885951175137,0.36116100885883295
476,16000US4075000,"Tulsa, OK",401760,35.5,152700,163801,17.830958667747247,0.40770858223815215,0.9906461569095978,0.3617082352311246
477,16000US4105350,"Beaverton, OR",99040,38.2,428100,43659,23.42856897499313,0.4408218901453958,0.9845516962843296,0.4470711302696932
478,16000US4105800,"Bend, OR",100430,39.8,426600,39371,,0.39202429552922435,,0.42346959264304757
479,16000US4123850,"Eugene, OR",172614,36.9,329000,73331,18.977957556571695,0.42482649147809565,0.9942183136941384,0.42556339069973864
480,16000US4131250,"Gresham, OR",109379,37.7,337800,40604,26.792454572314966,0.3712229952733157,,0.2789855660729652
481,16000US4134100,"Hillsboro, OR",109120,34.4,382300,38085,22.590464525657882,0.34901942815249265,,0.45051718686480874
482,16000US4147000,"Medford, OR",83084,39.6,312400,33047,,0.3977540802079823,,0.31094096917691866
483,16000US4159000,"Portland, OR",653467,37.5,445200,280176,23.916902934266215,0.42875309694292135,0.9932146535326191,0.49032031118150965
484,16000US4164900,"Salem, OR",174377,34.8,286600,61087,23.069522864845617,0.35031569530385315,,0.33921181614709744
485,16000US4202000,"Allentown, PA",121441,31.2,144000,40959,24.899142193587053,0.33727489068765903,,0.21011363952099135
486,16000US4206088,"Bethlehem, PA",76044,35.3,175300,29213,,0.3841591710062595,,0.351249125929693
487,16000US4224000,"Erie, PA",95537,37.1,91200,39790,17.509226024973458,0.4164878528737557,0.9720527125616253,0.2837663453471565
488,16000US4261000,"Pittsburgh, PA",300281,33.3,149200,143276,23.820287076511693,0.47713974577146073,0.981533963187814,0.4886675324436094
489,16000US4263624,"Reading, PA",88373,30.4,77700,29325,,0.3318321206703405,0.9974200264786756,0.1598507374680964
490,16000US4269000,"Scranton, PA",76651,38.2,103600,30923,19.51630307979468,0.4034259174700917,0.96760642392141,0.2904544073533628
491,16000US4419180,"Cranston, RI",81459,40.6,270600,31182,,0.3827937981070232,,0.4077641564506713
492,16000US4454640,"Pawtucket, RI",72108,36.0,217700,28452,,0.3945748044599767,,0.2651935673163846
493,16000US4459000,"Providence, RI",179875,31.9,237200,62046,22.61110283244879,0.34493954134815846,0.9816872828353023,0.348816067211436
494,16000US4474300,"Warwick, RI",81006,44.7,247500,34833,,0.4300051848011258,,0.4141038384196248
495,16000US4513330,"Charleston, SC",143151,34.0,363600,58902,22.466096910978955,0.4114676111239181,0.9851345781726988,0.4829149935659912
496,16000US4516000,"Columbia, SC",131323,28.6,201500,45474,15.801569935580616,0.3462759760285708,0.8386268970401225,0.42063528674822825
497,16000US4530850,"Greenville, SC",70633,35.4,321900,32250,,0.4565854487279317,0.9777582716294083,0.4818426250734949
498,16000US4548535,"Mount Pleasant, SC",91668,43.3,514800,36111,,0.39393245189160886,,0.5574581159467255
499,16000US4550875,"North Charleston, SC",122400,33.4,200000,47066,,0.38452614379084965,0.9445588235294118,0.2963356659875395
500,16000US4561405,"Rock Hill, SC",75041,36.1,176800,32341,,0.4309777321730787,,0.33726198384254635
501,16000US4652980,"Rapid City, SD",77496,39.1,207300,31387,,0.40501445235883143,0.9723985754103438,0.33104111894418564
502,16000US4659020,"Sioux Falls, SD",183799,35.3,218900,76996,16.87103897647152,0.4189141399028286,0.9848366966087955,0.3666239562739512
503,16000US4714000,"Chattanooga, TN",182803,37.6,198300,79565,19.123343192025413,0.43524996854537396,0.9821501835309049,0.36677535251547233
504,16000US4715160,"Clarksville, TN",158152,29.2,158700,58985,,0.3729639840153776,0.9203487783904092,0.3058884388640303
505,16000US4727740,"Franklin, TN",83096,37.2,466400,32690,,0.39340040435159335,,0.5516218932422897
506,16000US4737640,"Jackson, TN",67187,34.8,117700,25925,,0.3858633366573891,,0.34167500012315455
507,16000US4738320,"Johnson City, TN",67859,34.7,170000,30724,,0.45276234545159816,,0.43051186152329773
508,16000US4740000,"Knoxville, TN",187610,34.2,155400,83492,19.938001340511555,0.4450295826448484,0.9917435104738553,0.35485648743483544
509,16000US4748000,"Memphis, TN",651088,34.6,115900,254423,21.486502707689564,0.39076591797114985,0.9853552822352739,0.30504076765539434
510,16000US4751560,"Murfreesboro, TN",146912,31.2,273500,52530,,0.3575609888913091,0.9900008168155086,0.3651800632762538
511,16000US4752006,"Nashville-Davidson metropolitan government (balance), TN",668580,34.4,287300,279545,23.028735755233562,0.41811750276705856,0.9898635914924168,0.4115827692146123
512,16000US4801000,"Abilene, TX",123201,32.4,138400,43010,,0.34910430921826935,0.8960803889578819,0.3072112705951023
513,16000US4801924,"Allen, TX",105630,39.5,335800,34548,,0.32706617438227775,,0.5479195527544913
514,16000US4803000,"Amarillo, TX",197365,34.7,151700,76207,18.968592046285405,0.38612215945076384,0.9900488941808324,0.30341537271892827
515,16000US4804000,"Arlington, TX",398860,33.6,213800,138639,25.533079461792333,0.34758812615955476,0.996668003810861,0.331585119244272
516,16000US4804462,"Atascocita, TX",82572,35.1,228200,25490,,0.30870028581117087,,0.4708777447725552
517,16000US4805000,"Austin, TX",979263,33.9,378300,409903,22.545320280858572,0.41858315896750925,0.994305921902492,0.49189054458282644
518,16000US4806128,"Baytown, TX",76895,34.1,133900,26978,,0.3508420573509331,,0.25768075424560566
519,16000US4807000,"Beaumont, TX",116822,34.6,126200,45435,,0.388925031244115,,0.303709323658836
520,16000US4810768,"Brownsville, TX",182781,31.1,95600,55052,,0.30119104283267956,0.9947204578156373,0.2821902298650181
521,16000US4810912,"Bryan, TX",86268,31.5,174000,31053,,0.359959660592572,,0.3096447441931797
522,16000US4813024,"Carrollton, TX",139272,37.0,282300,48963,,0.3515638462864036,0.99463639496812,0.40474801847195263
523,16000US4813552,"Cedar Park, TX",77419,38.2,334400,24034,,0.31044058951936865,,0.5226852911585123
524,16000US4815976,"College Station, TX",117911,23.6,286500,40281,,0.3416220708839718,0.9905521961479421,0.49163055713007764
525,16000US4816432,"Conroe, TX",91081,33.0,212000,31236,,0.3429474863034003,,0.31690978433955214
526,16000US4817000,"Corpus Christi, TX",326590,35.3,157100,119184,18.98952226351306,0.3649346275146208,0.9831072598671117,0.30131604289592057
527,16000US4819000,"Dallas, TX",1343565,32.9,231400,518998,25.94293764572835,0.3862842512271457,0.9932284630814289,0.34160419557090405
528,16000US4819972,"Denton, TX",141522,29.5,249000,46151,24.85118851214909,0.326104775229293,0.9864402707706222,0.388458215185406
529,16000US4822660,"Edinburg, TX",101168,29.1,128500,30224,,0.2987505930729084,,0.36474560335064216
530,16000US4824000,"El Paso, TX",681729,32.9,133600,223076,22.78276868543116,0.3272209338314785,0.9756794855433757,0.31963299641433845
531,16000US4826232,"Flower Mound, TX",83205,41.2,385700,27199,,0.3268914127756745,,0.5700572595645356
532,16000US4827000,"Fort Worth, TX",913656,32.8,209400,309097,25.882971434773467,0.3383078532839493,0.98715380843556,0.34607287933724945
533,16000US4827684,"Frisco, TX",200513,36.0,439900,67851,,0.3383870372494551,,0.604832756612218
534,16000US4829000,"Garland, TX",239539,33.7,190200,72410,28.596511538164698,0.30228898008257526,0.9971445150894009,0.2772423545442626
535,16000US4829336,"Georgetown, TX",79609,44.6,298500,29882,,0.3753595698978759,,0.4116210685605214
536,16000US4830464,"Grand Prairie, TX",194522,32.2,208200,62030,,0.3188842393148333,0.9984783212181656,0.3056502263621375
537,16000US4832372,"Harlingen, TX",65033,30.8,93900,22901,,0.3521442959728138,,0.3116516620498615
538,16000US4837000,"Irving, TX",239779,32.0,221700,83345,23.153646017559993,0.3475909066265186,0.9969930644468448,0.363505585752389
539,16000US4839148,"Killeen, TX",151685,29.4,146200,57079,,0.3762995681840657,0.931786267594027,0.2916468640095253
540,16000US4841464,"Laredo, TX",264069,29.2,148100,73066,20.012160537038035,0.27669283406988326,0.9915211554555817,0.2628266138754584
541,16000US4841980,"League City, TX",106730,35.7,267500,38910,,0.36456478965614164,,0.5194273963431159
542,16000US4842016,"Leander, TX",68583,34.3,332300,20548,,0.2996077745213829,,0.4860549943883277
543,16000US4842508,"Lewisville, TX",108562,34.9,244700,41101,,0.3785947200677954,0.9947311213868573,0.3836809862783641
544,16000US4843888,"Longview, TX",82461,34.4,147200,29848,,0.361965050144917,,0.29282756819456285
545,16000US4845000,"Lubbock, TX",258870,29.8,152800,99104,15.588363732776031,0.382833082242052,0.9858114111330011,0.36109008942085374
546,16000US4845384,"McAllen, TX",143258,35.3,129400,47094,,0.3287355679962027,0.9927822529980874,0.36261954281698433
547,16000US4845744,"McKinney, TX",199174,37.2,353700,68458,,0.3437095203189171,0.9906413487704219,0.4975969810376366
548,16000US4846452,"Mansfield, TX",74841,35.2,309800,22943,,0.30655656658783287,,0.4661005769671386
549,16000US4847892,"Mesquite, TX",140795,39.2,172600,49549,,0.3519230086295678,0.9958095102809048,0.2683160359370323
550,16000US4848072,"Midland, TX",146042,32.3,270200,47961,,0.3284055271771134,,0.35656324680421736
551,16000US4848768,"Mission, TX",84336,32.2,131300,24709,,0.2929828305824322,,0.3214925745274345
552,16000US4848804,"Missouri City, TX",75543,42.3,220900,25225,,0.3339157830639503,,0.47732634338138924
553,16000US4850820,"New Braunfels, TX",90710,35.1,242700,33398,,0.36818432366883475,,0.36307813317006243
554,16000US4852356,"North Richland Hills, TX",70655,40.4,252100,27070,,0.38312929021300685,,0.38866681969652594
555,16000US4853388,"Odessa, TX",123163,30.9,163200,42465,,0.3447869895991491,,0.2643616663887859
556,16000US4856000,"Pasadena, TX",151230,32.7,150700,47706,,0.3154532830787542,0.9938438140580572,0.2321514299430766
557,16000US4856348,"Pearland, TX",131448,36.1,269500,47106,,0.3583622421033412,,0.5413350345782778
558,16000US4857176,"Pflugerville, TX",65124,36.6,261000,21971,,0.3373717830600086,,
559,16000US4857200,"Pharr, TX",79115,28.8,82000,23126,,0.2923086646021614,,
560,16000US4858016,"Plano, TX",285849,39.4,361000,107721,23.75133850453133,0.3768458171971915,0.9975616496821749,0.5481115620055105
561,16000US4861796,"Richardson, TX",121331,35.0,330700,43322,,0.3570563170170855,,0.5319810392280885
562,16000US4863500,"Round Rock, TX",133435,33.7,288700,42580,,0.31910668115561885,,0.42886573573446357
563,16000US4863572,"Rowlett, TX",66805,40.8,264000,21953,,0.3286131277598982,,0.43867306263090333
564,16000US4864472,"San Angelo, TX",98193,35.3,149500,36990,,0.3767070972472579,,0.31178839712580714
565,16000US4865000,"San Antonio, TX",1547250,34.4,171100,512273,24.48160894090073,0.3310861205364356,0.9881512360639845,0.32893158132987316
566,16000US4870808,"Sugar Land, TX",118500,42.7,345100,40077,,0.3382025316455696,,0.6006625417839417
567,16000US4872176,"Temple, TX",78437,33.9,148200,28819,,0.3674158879100424,0.9714802962887413,0.3578936088513435
568,16000US4872656,"The Woodlands, TX",117270,41.2,423200,41819,,0.35660441715698815,,0.6086196229118499
569,16000US4874144,"Tyler, TX",106991,35.2,164700,37504,,0.3505341570786328,,0.3427394300021732
570,16000US4875428,"Victoria, TX",66920,35.1,140300,21806,,0.325851763299462,,0.2889833116130901
571,16000US4876000,"Waco, TX",139245,28.9,145500,50523,,0.3628352903156307,0.9764515781536142,0.31511911256592107
572,16000US4879000,"Wichita Falls, TX",104677,32.9,111200,37332,,0.35663994955912,0.8764198439007614,0.3318372418586505
573,16000US4943660,"Layton, UT",78008,31.9,310700,25307,,0.3244154445697877,,0.37238293298439107
574,16000US4944320,"Lehi, UT",69742,26.6,407400,18411,,0.2639872673568295,,0.5361072963669764
575,16000US4955980,"Ogden, UT",87764,30.9,210800,30509,,0.347625450070644,0.9792967503760084,0.26517194213001816
576,16000US4957300,"Orem, UT",97839,27.4,332300,29380,18.61061642449508,0.30028925070779544,,0.3831919455579379
577,16000US4962470,"Provo, UT",116616,23.6,335700,34454,17.59313244363711,0.2954483089798998,,0.41700054634857037
578,16000US4965330,"St. George, UT",89586,33.5,329100,30816,,0.343982318665863,,0.3122593254875868
579,16000US4967000,"Salt Lake City, UT",200546,32.9,378300,81839,18.49592552478209,0.40808093903643056,0.9952878641309226,0.4603831782336251
580,16000US4967440,"Sandy, UT",96385,37.0,412800,31130,21.81509317409657,0.3229755667375629,,0.4533616937610038
581,16000US4970850,"South Jordan, UT",76607,31.7,475200,20542,,0.268147819389873,,0.5003040917230738
582,16000US4982950,"West Jordan, UT",116482,32.3,337600,35366,,0.3036177263439845,0.9943768135849316,0.3366445969928038
583,16000US4983470,"West Valley City, UT",135255,30.1,273200,36842,,0.27238919078777124,0.9975231969243281,0.2151077232544598
584,16000US5101000,"Alexandria, VA",159428,37.1,572500,71005,31.45427740327817,0.44537346011992873,0.9740948892289937,0.5874215111598757
585,16000US5103000,"Arlington, VA",236842,35.0,759000,111887,27.851004016064255,0.4724119877386612,0.978086656927403,0.6929636185475921
586,16000US5114440,"Centreville, VA",66457,36.6,470200,23288,,0.35042207743352843,,0.5449859276093193
587,16000US5116000,"Chesapeake, VA",244835,37.8,290900,86878,,0.35484305756938345,0.9512937284293503,0.4069985841392246
588,16000US5121088,"Dale City, VA",73918,35.2,328800,20660,,0.2794989041911307,,0.34138735828496797
589,16000US5135000,"Hampton, VA",134510,35.7,193500,55633,,0.41359750204445767,0.9454687383837633,0.34949834327984186
590,16000US5147672,"Lynchburg, VA",82168,28.2,170500,28950,,0.3523269399279525,0.9817203777626327,0.38510279129483743
591,16000US5156000,"Newport News, VA",179225,33.4,186600,70918,21.94803178582518,0.39569256521132656,0.9423908494908635,0.33467597332737375
592,16000US5157000,"Norfolk, VA",242742,31.1,218000,88387,21.336954710062578,0.3641191058819652,0.8765108633858171,0.3343907163058909
593,16000US5164000,"Portsmouth, VA",94398,36.7,169600,36089,,0.3823068285345029,0.935708383652196,0.2994548000991908
594,16000US5167000,"Richmond, VA",230436,34.2,249500,89878,21.21816226531041,0.390034543213734,0.9903921262302765,0.4154433630967038
595,16000US5168000,"Roanoke, VA",99143,37.8,147300,40810,,0.4116276489515145,,0.31688468455899527
596,16000US5176432,"Suffolk, VA",92108,37.9,263500,34597,,0.37561341034437834,0.9734225040170235,0.3845039677091628
597,16000US5182000,"Virginia Beach, VA",449974,36.6,296200,175029,22.969806812198776,0.3889758074910995,0.9418233053465311,0.40922305395408426
598,16000US5303180,"Auburn, WA",82021,35.4,401300,29665,32.457496890016344,0.3616756684263786,,0.29447282340816416
599,16000US5305210,"Bellevue, WA",148145,36.5,920900,59316,22.50314160227937,0.4003915083195518,0.997819703668703,0.6380120730873657
600,16000US5305280,"Bellingham, WA",92327,35.6,432400,38664,19.969806100265707,0.4187724067715836,,0.3741208414780548
601,16000US5322640,"Everett, WA",111489,36.0,385400,44219,,0.3966220882777673,0.963583851321655,0.30903523255384585
602,16000US5323515,"Federal Way, WA",96297,33.5,372800,34971,35.58947590424971,0.363157730770429,,0.3056200270275184
603,16000US5335275,"Kennewick, WA",84354,35.5,254800,31230,,0.37022547834127606,,0.3300687355106357
604,16000US5335415,"Kent, WA",132320,35.1,413600,44949,29.949282764772743,0.3396992140266022,0.9874470979443772,0.30529702014555804
605,16000US5335940,"Kirkland, WA",93027,37.0,744400,36115,25.249043279283544,0.3882206241198792,,0.5927692568972283
606,16000US5343955,"Marysville, WA",70306,37.1,378300,24496,,0.348419765027167,,0.30543970537002935
607,16000US5353545,"Pasco, WA",74846,29.7,254700,22747,,0.3039173770141357,,0.2656496026950822
608,16000US5357535,"Redmond, WA",71941,35.2,810200,29881,,0.41535424862039727,,0.7248849492730886
609,16000US5357745,"Renton, WA",101747,36.2,461800,39908,31.085288475726724,0.39222778067166597,,0.39030456799462093
610,16000US5361115,"Sammamish, WA",65880,37.6,931700,21456,,0.3256830601092896,,0.7125034612189645
611,16000US5363000,"Seattle, WA",753655,34.7,767000,343988,26.145381895087198,0.45642634892623285,0.9924408383146135,0.6002004132724851
612,16000US5365922,"South Hill, WA",66020,33.9,357800,21371,,0.3237049378976068,,0.36487318394484114
613,16000US5367000,"Spokane, WA",222082,37.0,228500,95222,21.042578475986204,0.4287695535883142,0.9830558082149836,0.36179267960681416
614,16000US5367167,"Spokane Valley, WA",101075,37.5,239900,41483,,0.4104180064308682,0.9959930744496661,0.31437431108971353
615,16000US5370000,"Tacoma, WA",217834,35.9,344500,87016,28.357441710770992,0.3994601393721825,0.9836113737983969,0.349020811952151
616,16000US5374060,"Vancouver, WA",184452,36.9,339800,75199,23.835614148483295,0.40768872118491534,0.9917810595710537,0.33419860641927646
617,16000US5380010,"Yakima, WA",93638,33.4,216600,33424,,0.35694910186035583,,0.25507895010525483
618,16000US5502375,"Appleton, WI",75382,33.9,165600,31049,,0.4118887798148099,0.9888832877875355,0.35093128183500516
619,16000US5522300,"Eau Claire, WI",68936,32.2,175300,27233,,0.39504758036439597,,0.34814242361412173
620,16000US5531000,"Green Bay, WI",104565,36.0,154700,43004,,0.41126571988715155,0.9856835461196385,0.2834621527009409
621,16000US5539225,"Kenosha, WI",99933,35.1,172700,38042,,0.38067505228503096,0.9838992124723565,0.304376451435275
622,16000US5548000,"Madison, WI",259673,31.7,275900,114096,18.992032251920513,0.4393833783258175,0.9929026121314114,0.5347915100940731
623,16000US5553000,"Milwaukee, WI",590157,31.5,133600,232176,21.759634850833155,0.3934139559473157,0.9921885193262132,0.3102635874064671
624,16000US5560500,"Oshkosh, WI",67010,35.5,131000,26794,,0.3998507685420086,,0.2937394829271977
625,16000US5566000,"Racine, WI",76747,37.6,124500,31303,,0.4078726204281601,,0.24095609115212394
626,16000US5584250,"Waukesha, WI",72308,39.7,234700,30364,,0.41992587265586107,,0.4106893335445154
627,16000US7206593,"Bayamn, PR",152843,43.6,127200,62502,32.119002741603836,0.4089294243112213,0.970211262537375,0.3371943619678253
628,16000US7210334,"Caguas, PR",69960,43.0,120000,28623,,0.40913379073756434,,0.3426149723847542
629,16000US7214290,"Carolina, PR",133757,43.8,133100,54004,,0.40374709361005406,0.9974206957392884,0.3491914493066408
630,16000US7232522,"Guaynabo, PR",62550,47.7,187400,26131,,0.417761790567546,,0.541279152954643
631,16000US7263820,"Ponce, PR",106546,42.1,98500,44413,,0.4168434291292024,,0.3388696105988885
632,16000US7276770,"San Juan, PR",310323,44.3,152100,135460,26.435334739390058,0.43651292363118427,0.9857761106975635,0.4023537609391423
